Steevn Michalove,Python for beginners,
Steevn Michalove,Database development with Python,
Steevn Michalove,Python for data science,
Steevn Michalove,Advanced Python for application developers
Tosh Dog,Python for beginners,
Tosh Dog,Database development with Python
Tosh Dog,Python for data science
John Doe,Python for beginners
John Doe,Database development with Python
Tom Jones,Python for beginners
Tom Jones,Database development with Python
Tom Jones,Python for data science
Tom Jones,Advanced Python for application developers
Johhny dep,Python for beginners
Johhny dep,Database development with Python
Johhny dep,Advanced Python for application developers
Steve Smith,Python for beginners
Steve Smith,Database development with Python
Steve Smith,Python for data science
Steve Smith,Advanced Python for application develope
Donald Duck,Python for beginners
Donald Duck,Database development with Python
Donald Duck,Python for data science
Donald Duck,Advanced Python for application developers
Donald Duck,Advanced Python for application developers
Charlotte,Python for beginners
Charlotte,Database development with Python
Charlotte,Python for data science
Charlotte,Python for data science
